number,title
0,The Directors - Norman Jewison
1,Cal Pozo's Learn to Dance in Minutes - Salsa & Merengue
2,Pearl Jam - Single Video Theory
3,A Murder of Crows
4,Jack Frost
5,Dave
6,Scrooge
7,Venomous
8,Samurai Jack - The Premiere Movie
9,Wes Craven Presents Wishmaster
10,Love Beat the Hell Outta Me
11,Depeche Mode - Freelove (DVD Single)
12,Murder by Decree
13,Wind Dancer
14,Bloodsucking Pharaohs in Pittsburgh
15,Best Of Bob Hope (Road To Bali / My Favorite Brunette)
16,Aaron Carter - Aaron's Party (Live in Concert!)
17,The Day of the Jackal
18,Ozzy Osbourne - The Prince Of F*?$!@# Darkness (Unauthorized)
19,Charlotte Church - In Jerusalem
20,Pork Chop Hill
21,Rocky II
22,The Doom Generation
23,Curse of the Puppet Master
24,Doc Hollywood
25,Cream: Farewell Concert
26,Movie FX DVD Videomagazine Vol. 1 Issue 1
27,Joseph and the Amazing Technicolor Dreamcoat
28,Slap Shot (25th Anniversary Special Edition)
29,Kings Go Forth
30,Town Without Pity
31,Cast a Giant Shadow
32,CBGB: Punk From the Bowery
33,Hallelujah I'm a Bum
34,Karaoke Sing-Along: Vol. 2
35,Confessions of Sorority Girls
36,Little City
37,When Dinosaurs Ruled: At the Ends of The Earth
38,Inferno
39,World's Most Dangerous Police Videos
40,When Dinosaurs Ruled: The Land That Time Forgot
41,Biggest Wednesday: Condition Black
42,Blind Terror
43,The Night Before Christmas and More Christmas Stories! (Scholastic Video Collection)
44,Eric Clapton: 24 Nights
45,Chicka Chicka Boom Boom and Lots More Learning Fun! (Scholastic Video Collection)
46,Marked for Death
47,Peep Show
48,Rhapsody
49,Stealing Harvard
50,Get on the Bus
51,Forgotten Silver
52,Major League Baseball - All Century Team
53,Batteries Not Included
54,Ocean's Eleven (Widescreen Edition)
55,Ocean's Eleven (Full Screen Edition)
56,Tom Clancy's Power Plays : Politika (Tom Clancy's Power Plays (Audio))
57,Tart
58,The Matrix Revisited
59,The Enemy
60,Genesis - The Genesis Songbook
61,Music in High Places - Brian McKnight (Live from Brazil)
62,Cartoon Crack-Ups
63,She Creature
64,Sade - Lovers Live
65,"Dragon Tales - Yes, We Can"
66,3:10 to Yuma
67,"Vangelis: Mythodea - Music for the NASA Mission, 2001 Mars Odyssey"
68,Drunken Master
69,Breakout
70,Bela Fleck and the Flecktones - Live at the Quick
71,Flint the Time Detective - The Power of Good (Vol. 2)
72,Andrew Dice Clay: Over Here Now
73,The Amazing Adventure
74,Cheaters: Best of Cheaters - Season 1
75,The Hunchback of Notre Dame
76,My Favorite Brunette
77,Scarlet Street
78,Metropolis
79,Best of Dancesport: Best of Ballroom
80,Little Odessa
81,Operation Enduring Freedom: America Fights Back
82,Stork Club
83,Three Came Home
84,Dr. Kildare's Strange Case
85,Gulliver's Travel
86,Snake in the Eagle's Shadow
87,Breaking Up
88,Yoga Zone - Flexibility and Tone (Beginners)
89,Death Kick/ Street Fighter
90,Laura
91,Magnificent Bodyguards
92,No Man's Land
93,Solaris
94,Mi Querido Viejo
95,Yoga Zone - Power Yoga for Strength and Endurance
96,The Learning Curve
97,Jamaica Me S'wet
98,Yoga Zone - Flexibility and Stress Release
